{"current":{"api_key":"AIzaSyAc7wnkTL45-LF9qrbaT-XLJn3AszvixZE","newsletter_form_action":"\/\/teathemes.us14.list-manage.com\/subscribe\/post?u=b25e3ab13ba347802ca7d5135&amp;id=823b9f1630","enable_update":true,"use_rtl":false,"show_backtop":true,"catalog_mode":false,"show_col_mobile":false,"use_wishlist":true,"use_quickview":true,"use_compare":false,"show_img_second":true,"show_product_rating":true,"show_product_color":true,"product_layout_setting":"1","swatch_home_size":"small","label_settings":"rounded","use_sale_label":true,"label_sale_style":"2","use_sold_out_label":true,"use_new_label":true,"new_day":"2","use_hot_label":true,"favicon":"shopify:\/\/shop_images\/favicon.png","favicon_apple":"shopify:\/\/shop_images\/favicon-retina.png","general_layout":"full_width","body_bg":"rgba(0,0,0,0)","body_bg_repeat":"repeat","body_bg_size":"default","body_bg_attachment":"default","body_bg_position":"default","body_bg_image":"","page_title_design":"centered","page_show_breadcrumbs":false,"pages_bg":"#212121","pages_bg_repeat":"default","pages_bg_size":"default","pages_bg_attachment":"default","pages_bg_position":"default","pages_bg_image":"","page_title_size":"small","page_title_color":"light","body_logo_svg":"","body_logo_image":"shopify:\/\/shop_images\/travella-club-logo.png","body_logo_image_retina":"shopify:\/\/shop_images\/travella-club-logo.png","logo_width":20,"logo_max_width":"196px","logo_max_height":"95","body_logo_image_sticky":"shopify:\/\/shop_images\/travella-club-logo.png","logo_max_width_sticky":"196","logo_max_height_sticky":"75","top_bar_enable":true,"top_bar_color":"light","top_bar_bg":"#000000","top_bar_bg_repeat":"default","top_bar_bg_size":"default","top_bar_bg_attachment":"default","top_bar_bg_position":"default","top_bar_bg_image":"","top_bar_text":"<i class=\"fa fa-envelope-square\" style=\"color:white;\"><\/i> <span style=\"margin-left:2px; border-bottom: 1px solid rgba(255,255,255,0.3);\">support@travellaclub.com<\/span>","full_header_enable":true,"sticky_header_enable":true,"header_design":"logo-center","overlap_header_enable":false,"right_column_width":"300","header_height":"95","header_sticky_height":"75","mobile_header_height":"60","cart_position":"side","cart_design":"1","shopping_icon_alt":false,"cart_notes_widget_enable":true,"basel_options_add_to_cart_action":"widget","header_color_scheme":"dark","header_bg":"#ffffff","bg_header_sticky":"#fff","header_bg_repeat":"default","header_bg_size":"default","header_bg_attachment":"default","header_bg_position":"default","header_bg_image":"","header_border_color":"#f5f5f5","header_border_style":"solid","header_border":"2px","header_icon_style":"line","basel_menu_align":"center","header_text_ss":"","basel_search_widget":"dropdown","ajax_search":true,"ajax_search_mobile":true,"only_search_products":true,"enable_search_category":true,"display_wishlist_icon":true,"sticky_footer_enable":false,"footer_design":"4","footer_social_design":"icons-design-colored","footer_social_size":"icons-size-small","footer_color_scheme":"light","footer_bg":"#000000","footer_bg_repeat":"default","footer_bg_size":"default","footer_bg_attachment":"default","footer_bg_position":"default","footer_bg_image":"","copyrights_layout":"centered","copyrights_text":"<center><img src=\"https:\/\/cdn.shopify.com\/s\/files\/1\/2358\/2563\/files\/payment-methods_ef9ae9e3-7a3d-4eb9-bff5-3e7ce983cf73.png?15199675664352396645\" style=\"max-width:350px;height:auto;\"><\/center>","copyrights_next_text":"[social_buttons_follow]","html_before_footer":"","font_body_text":"Karla","size_body_text":14,"font_titles_text":"Karla","style_titles_text":"normal_normal","font_title_products":"Lora","style_title_products":"normal_normal","font_secondary_products":"Lato","style_secondary_products":"400_italic","font_info":"","style_font_info":"normal_normal","font_post":"Lato","style_font_post":"400_italic","font_navigation":"","size_navigation":14,"style_navigation":"normal_normal","use_dark_version":false,"color_light_mobile_menu":false,"color_body_text":"#4c4c4c","color_titles_text":"#1b1919","color_title_products":"#252222","color_primary":"#62cae6","mega_navigation_hover":"#fbbc34","color_navigation":"","color_sale_bg":"#179a94","color_new_bg":"#56cfe1","color_hot_bg":"#ec0101","color_sold_out_bg":"#000000","use_promo_banner_collection":true,"use_top_categories":false,"top_categories_source":"top_categories_show_all","top_categories_link_list":"","collection_bg":"#212121","collection_bg_repeat":"no-repeat","collection_bg_size":"cover","collection_bg_attachment":"default","collection_bg_position":"center_center","collection_bg_image":"","use_specify_image":true,"shop_sidebar":"1","shop_size_sidebar":"2","products_per_page":"12","use_pagination":"gl_more","view_default":"grid","products_columns":"3","products_hover":"button","sale_countdown":true,"loop_sale_countdown":true,"collection_countdown_style":"dark","ajax_shop":true,"shop_filters":true,"shop_show_per_page":false,"grid_list":true,"shop_image_size":"","shop_masonry_grid":false,"shop_different_grid":false,"show_des_collection":true,"product_sidebar":"1","size_sidebar":"1","design_products":"2","size_img_products":"2","pr_image_size":"","pr_thumb_image_size":"","thumbnails_position":"left","main_click":"zoom","disable_download_img":true,"show_zoom_img":true,"button_art_to_cart_style":"2","size_chart":false,"image_size_chart":"","product_img_trust_seal":true,"img_trust_seal":"shopify:\/\/shop_images\/available-credit-cards.png","show_real_time_visitor":true,"text_real":"Real time","text_visitor":"Visitor right now","product_bg":"rgba(0,0,0,0)","product_bg_repeat":"default","product_bg_size":"default","product_bg_attachment":"default","product_bg_position":"default","product_bg_image":"","show_share_btn":true,"share_type":"2","color_name_check":"","show_product_page_rating":true,"show_grouped_variant_image":false,"use_view_360":true,"use_clicking_variant_image":false,"product_quantity_message":true,"use_description_excerpt":true,"use_description_full":false,"prodcut_excerpt_length":"31","font_style_des":"normal","font_weight_des":"normal","font_text_des":"none","show_sku":true,"show_category_product":true,"show_tag_product":false,"swatch_design":"1","swatch_style":"2","swatch_size":"large","show_countdown":false,"loop_show_countdown":false,"countdown_style":"dark","show_related_products":true,"title_pr_related":"Related product","related_products_use":"use_collection","many_related_products":8,"related_products_hover":"alt","related_image_size":"","related_sale_countdown":true,"loop_related_countdown":false,"related_countdown_style":"light","related_silder_speed":"5000","related_silder_per_view":"4","related_hide_pagination":false,"related_hide_button":false,"related_slider_loop":false,"related_autoplay":false,"show_recently_products":true,"title_pr_recently":"Recently viewed products","many_recently_products":10,"recently_products_hover":"alt","recently_image_size":"","recently_sale_countdown":true,"loop_recently_countdown":false,"recently_countdown_style":"dark","recently_silder_speed":"5000","recently_silder_per_view":"4","recently_hide_pagination":false,"recently_hide_button":false,"recently_slider_loop":false,"recently_autoplay":false,"show_custom_css":false,"global_custom_css":"","desktop_custom_css":"","tablet_custom_css":"","landscape_custom_css":"","mobile_custom_css":"","custom_js":"","cart_clear_enable":true,"cart_notes_enable":true,"show_multiple_currencies":false,"supported_currencies":"EUR - EUR | USD - USD | GBP - GBP","show_language_currencies":false,"language_title":"English","language_link_list":"","enable_popup":true,"promo_popup_hide_mobile":true,"display_newsletter_index":true,"display_newsletter_product":true,"display_newsletter_collection":true,"display_newsletter_article":true,"display_newsletter_blog":false,"display_newsletter_cart":false,"display_newsletter_page":true,"use_newsletter_mailchimp":false,"newsletter_bg":"shopify:\/\/shop_images\/popup.png","popup_newsletter_description":"<h1 style=\"margin-bottom: 0px; text-align: center;\"><strong>SIGN UP TO OUR NEWSLETTER AND<\/strong><\/h1>\n                        <h1 style=\"text-align: center;\">\n<strong>GET<span style=\"color: #0f8a7e;\"> 10% OFF\n<\/span><\/strong> YOUR FIRST PURCHASE<\/h1>\n                        <p style=\"text-align: center; font-size: 16px;\">Be the first to find our about out exclusive deals &amp; offers.      <\/p>","show_popup_after":"scroll","time_popup_delay":"5000","scroll_popup_delay":"800","number_pages":1,"enable_cookies_popup":false,"text_cookies_popup":"We use cookies to improve your experience on our website. By browsing this website, you agree to our use of cookies.","link_btn_infor":"shopify:\/\/pages\/privacy-faq","display_popup_cookies_index":false,"display_popup_cookies_product":false,"display_popup_cookies_collection":false,"display_popup_cookies_article":false,"display_popup_cookies_blog":false,"display_popup_cookies_cart":false,"display_popup_cookies_page":false,"enable_suggest_products":true,"collection_suggest":"gifts","display_index":false,"display_product":true,"display_collection":true,"display_article":false,"display_blog":false,"display_cart":false,"display_page":false,"interval_time":"15000","use_suggest":true,"use_fake_location":true,"fake_location":"New York, NY | Los Angeles, CA | Chicago, IL | Phoenix, Arizona | San Antonio, Texas | Columbus, Ohio | Dallas, Texas | Boston","show_close_suggest":true,"login_register_enable":false,"login_tabs_enable":true,"account_header_enable":true,"registration_text":"Registering for this site allows you to access your order status and history. Just fill in the fields below, and we’ll get a new account set up for you in no time. We will only ask you for information necessary to make the purchase process faster and easier.","blog_layout":"right","blog_size_sidebar":"2","blog_design":"4","articles_per_grid_page":"5","blog_columns":"2","posts_excerpt_length":"35","enable_post_categories":"hide","post_share_buttons":true,"post_navigation":true,"blog_portfolio":"","portfolio_styles":"hover","portfolio_full_width":false,"projects_columns":"4","projects_spacing":"2","projects_per_page":"12","portfolio_filters":true,"portfolio_tags_filter":"","show_related_portfolio":true,"title_related_portfolio":"Related Portfolio","how_many_related_portfolio":"9","sort_faq":"","image_about_me":"","title_about_me":"Consectetur lobortis maecenas risus mi lacus [cond consequat.]","sub_tetx_about_me":"Suspendisse leo sodales varius leo elementum vestibulum a elit at ultrices a mi a praesent enim libero ultrices a amet suscipit. A tempus iaculis habitasse suspendisse aenean parturient blandit a rutrum leo elementum purus a a et id non feugiat donec.","signature_about_me":"","show_share_btn_about_me":true,"share_type_about_me":"1","about_me_margin_top":"-37px","about_me_margin_bottom":"-40px","about_me_padding":"","image_our_shop":"","title_our_shop":"shop localization [in - Paris]","info_shop_1":"6 Rue des Rochebrune \/ 75011 Paris TEL.<br> +3 60 340 34 43 \/ FAX. 3 60 340 34 43","info_shop_2":"6 Rue des Rochebrune \/ 75011 Paris TEL.<br> +3 60 340 34 43 \/ FAX. 3 60 340 34 43","info_shop_3":"6 Rue des Rochebrune \/ 75011 Paris TEL.<br> +3 60 340 34 43 \/ FAX. 3 60 340 34 43","info_shop_4":"6 Rue des Rochebrune \/ 75011 Paris TEL.<br> +3 60 340 34 43 \/ FAX. 3 60 340 34 43","info_shop_btn_title":"Contact Us","info_shop_btn_url":"","show_share_btn_our_shop":true,"share_type_our_shop":"2","our_shop_bg_color":"#f9f9f9","our_shop_margin_top":"","our_shop_margin_bottom":"-40px","our_shop_padding":"","title_map_contact_us":"VISIT OUR NEW STORE<br>IN NEW YORK","icon_contact_us":"map-marker","text_map_html_contact_us":"20 Margaret St, London<br>Great Britain, 3NM98-LK","contact_us_btn_title":"Contact Us","contact_us_btn_url":"shopify:\/\/pages\/contact-us","lat_contact_us":"39.950557","lon_contact_us":"-75.140658","height_contact_us":"600","style_json_contact_us":"[{\"featureType\":\"landscape\",\"stylers\":[{\"hue\":\"#FFBB00\"},{\"saturation\":43.400000000000006},{\"lightness\":37.599999999999994},{\"gamma\":1}]},{\"featureType\":\"road.highway\",\"stylers\":[{\"hue\":\"#FFC200\"},{\"saturation\":-61.8},{\"lightness\":45.599999999999994},{\"gamma\":1}]},{\"featureType\":\"road.arterial\",\"stylers\":[{\"hue\":\"#FF0300\"},{\"saturation\":-100},{\"lightness\":51.19999999999999},{\"gamma\":1}]},{\"featureType\":\"road.local\",\"stylers\":[{\"hue\":\"#FF0300\"},{\"saturation\":-100},{\"lightness\":52},{\"gamma\":1}]},{\"featureType\":\"water\",\"stylers\":[{\"hue\":\"#0078FF\"},{\"saturation\":-13.200000000000003},{\"lightness\":2.4000000000000057},{\"gamma\":1}]},{\"featureType\":\"poi\",\"stylers\":[{\"hue\":\"#00FF6A\"},{\"saturation\":-1.0989010989011234},{\"lightness\":11.200000000000017},{\"gamma\":1}]}]","show_form_contact_us":true,"heading_form_contact_us":"GET IN TOUCH WITH US","show_info_contact_us":true,"heading_info_contact_us":"INFORMATION ABOUT US","text_info_contact_us":"<p>Consectetur aliquet a erat per sem nisi leo placerat dui a adipiscing a sagittis vestibulum. Sagittis posuere id nam quis vestibulum faucibus a est tristique ridiculus sed.<\/p><p>Sagittis posuere id nam quis vestibulum vestibulum a facilisi at elit hendrerit scelerisque sodales nam dis orci non aliquet enim.<\/p>","heading_cont_contact_us":"CONTACT US","html_one_contact_us":"[envelope]Tel: 877-45-44-33<br>E-Mail: shop@store.uk","html_two_contact_us":"[clock]Support forum<br>for over 24h","html_three_contact_us":"[cursor]20 Margaret St, London<br>Great Britain, 3NM98-LK","html_four_contact_us":"[rocket ]Free standard shipping<br>on all orders.","show_share_btn_contact_us":true,"share_type_contact_us":"1","show_map_contact_us_2":true,"lat_contact_us_2":"35.3379101","lon_contact_us_2":"-89.9823944","height_contact_us_2":"750","style_json_contact_us_2":"[{\"featureType\":\"all\",\"elementType\":\"labels.text.fill\",\"stylers\":[{\"color\":\"#ffffff\"}]},{\"featureType\":\"all\",\"elementType\":\"labels.text.stroke\",\"stylers\":[{\"color\":\"#000000\"},{\"lightness\":13}]},{\"featureType\":\"administrative\",\"elementType\":\"geometry.fill\",\"stylers\":[{\"color\":\"#000000\"}]},{\"featureType\":\"administrative\",\"elementType\":\"geometry.stroke\",\"stylers\":[{\"color\":\"#144b53\"},{\"lightness\":14},{\"weight\":1.4}]},{\"featureType\":\"administrative.locality\",\"elementType\":\"all\",\"stylers\":[{\"visibility\":\"on\"}]},{\"featureType\":\"administrative.locality\",\"elementType\":\"labels.icon\",\"stylers\":[{\"visibility\":\"on\"}]},{\"featureType\":\"landscape\",\"elementType\":\"all\",\"stylers\":[{\"color\":\"#08304b\"}]},{\"featureType\":\"poi\",\"elementType\":\"geometry\",\"stylers\":[{\"color\":\"#0c4152\"},{\"lightness\":5}]},{\"featureType\":\"road.highway\",\"elementType\":\"geometry.fill\",\"stylers\":[{\"color\":\"#000000\"}]},{\"featureType\":\"road.highway\",\"elementType\":\"geometry.stroke\",\"stylers\":[{\"color\":\"#0b434f\"},{\"lightness\":25}]},{\"featureType\":\"road.arterial\",\"elementType\":\"geometry.fill\",\"stylers\":[{\"color\":\"#000000\"}]},{\"featureType\":\"road.arterial\",\"elementType\":\"geometry.stroke\",\"stylers\":[{\"color\":\"#0b3d51\"},{\"lightness\":16}]},{\"featureType\":\"road.local\",\"elementType\":\"geometry\",\"stylers\":[{\"color\":\"#000000\"}]},{\"featureType\":\"transit\",\"elementType\":\"all\",\"stylers\":[{\"color\":\"#146474\"}]},{\"featureType\":\"water\",\"elementType\":\"all\",\"stylers\":[{\"color\":\"#021019\"}]}]","show_info_contact_us_2":true,"bg_image_contact_us_2":"","bg_color_contact_us_2":"#021019","heading_info_contact_us_2":"CONTACT US","svg_one_contact_us_2":"<svg version=\"1.1\" id=\"svg-5300\" xmlns=\"http:\/\/www.w3.org\/2000\/svg\" x=\"0px\" y=\"0px\" width=\"64px\" height=\"64px\" viewbox=\"0 0 64 64\" enable-background=\"new 0 0 64 64\" xmlns:xlink=\"http:\/\/www.w3.org\/1999\/xlink\" xml:space=\"preserve\">\n\t\t\t\t\t\t\t                                    <g>\n\t\t\t\t\t\t\t                                       <path fill=\"none\" stroke=\"#000000\" stroke-width=\"2\" stroke-miterlimit=\"10\" width=\"62\" height=\"37\" d=\"M1 13 L63 13 L63 50 L1 50 Z\" style=\"stroke-dasharray: 198, 200; stroke-dashoffset: 0;\"><\/path>\n\t\t\t\t\t\t\t                                       <path fill=\"none\" stroke=\"#000000\" stroke-width=\"2\" stroke-miterlimit=\"10\" d=\"M1,13L32,33L63,13\" style=\"stroke-dasharray: 74, 76; stroke-dashoffset: 0;\"><\/path>\n\t\t\t\t\t\t\t                                    <\/g>\n\t\t\t\t\t\t\t                                 <\/svg>","html_one_contact_us_2":"[envelope]Tel: (718) 618-4496<br>E-Mail: support@travellaclub.com","svg_two_contact_us_2":"<svg version=\"1.1\" id=\"svg-8277\" xmlns=\"http:\/\/www.w3.org\/2000\/svg\" x=\"0px\" y=\"0px\" width=\"64px\" height=\"64px\" viewbox=\"0 0 64 64\" enable-background=\"new 0 0 64 64\" xmlns:xlink=\"http:\/\/www.w3.org\/1999\/xlink\" xml:space=\"preserve\">\n\t\t\t\t\t\t\t\t                                    <g>\n\t\t\t\t\t\t\t\t                                       <path fill=\"none\" stroke=\"#000000\" stroke-width=\"2\" stroke-miterlimit=\"10\" d=\"M53.92,10.081\n\t\t\t\t\t\t\t\t                                          c12.107,12.105,12.107,31.732,0,43.838c-12.106,12.108-31.734,12.108-43.84,0c-12.107-12.105-12.107-31.732,0-43.838\n\t\t\t\t\t\t\t\t                                          C22.186-2.027,41.813-2.027,53.92,10.081z\" style=\"stroke-dasharray: 195, 197; stroke-dashoffset: 0;\"><\/path>\n\t\t\t\t\t\t\t\t                                       <path fill=\"none\" stroke=\"#000000\" stroke-width=\"2\" stroke-miterlimit=\"10\" d=\"M32,12L32,32L41,41\" style=\"stroke-dasharray: 33, 35; stroke-dashoffset: 0;\"><\/path>\n\t\t\t\t\t\t\t\t                                       <path fill=\"none\" stroke=\"#000000\" stroke-width=\"2\" stroke-miterlimit=\"10\" d=\"M4,32L8,32\" style=\"stroke-dasharray: 4, 6; stroke-dashoffset: 0;\"><\/path>\n\t\t\t\t\t\t\t\t                                       <path fill=\"none\" stroke=\"#000000\" stroke-width=\"2\" stroke-miterlimit=\"10\" d=\"M56,32L60,32\" style=\"stroke-dasharray: 4, 6; stroke-dashoffset: 0;\"><\/path>\n\t\t\t\t\t\t\t\t                                       <path fill=\"none\" stroke=\"#000000\" stroke-width=\"2\" stroke-miterlimit=\"10\" d=\"M32,60L32,56\" style=\"stroke-dasharray: 4, 6; stroke-dashoffset: 0;\"><\/path>\n\t\t\t\t\t\t\t\t                                       <path fill=\"none\" stroke=\"#000000\" stroke-width=\"2\" stroke-miterlimit=\"10\" d=\"M32,8L32,4\" style=\"stroke-dasharray: 4, 6; stroke-dashoffset: 0;\"><\/path>\n\t\t\t\t\t\t\t\t                                    <\/g>\n\t\t\t\t\t\t\t\t                                 <\/svg>","html_two_contact_us_2":"[clock]Office Hours<br>Monday - Friday: 9:00am to 5:00pm EST","svg_three_contact_us_2":"<svg version=\"1.1\" id=\"svg-2872\" xmlns=\"http:\/\/www.w3.org\/2000\/svg\" x=\"0px\" y=\"0px\" width=\"64px\" height=\"64px\" viewbox=\"0 0 64 64\" enable-background=\"new 0 0 64 64\" xmlns:xlink=\"http:\/\/www.w3.org\/1999\/xlink\" xml:space=\"preserve\">\n\t\t\t\t\t\t\t                                    <path fill=\"none\" stroke=\"#000000\" stroke-width=\"2\" stroke-linejoin=\"bevel\" stroke-miterlimit=\"10\" d=\"M1,30L63,1L23,41Z\" style=\"stroke-dasharray: 150, 152; stroke-dashoffset: 0;\"><\/path>\n\t\t\t\t\t\t\t                                    <path fill=\"none\" stroke=\"#000000\" stroke-width=\"2\" stroke-linejoin=\"bevel\" stroke-miterlimit=\"10\" d=\"M34,63L63,1L23,41Z\" style=\"stroke-dasharray: 150, 152; stroke-dashoffset: 0;\"><\/path>\n\t\t\t\t\t\t\t                                 <\/svg>","html_three_contact_us_2":"[cursor]Travella Club<br>\n7757 Ward Road\nMillington TN 38053","svg_four_contact_us_2":"<svg version=\"1.0\" id=\"svg-9269\" xmlns=\"http:\/\/www.w3.org\/2000\/svg\" x=\"0px\" y=\"0px\" width=\"64px\" height=\"64px\" viewbox=\"0 0 64 64\" enable-background=\"new 0 0 64 64\" xmlns:xlink=\"http:\/\/www.w3.org\/1999\/xlink\" xml:space=\"preserve\">\n\t\t\t\t\t\t\t                                    <path fill=\"none\" stroke=\"#000000\" stroke-width=\"2\" stroke-miterlimit=\"10\" d=\"M14,57A6,6 0,1,1 26,57A6,6 0,1,1 14,57\" style=\"stroke-dasharray: 38, 40; stroke-dashoffset: 0;\"><\/path>\n\t\t\t\t\t\t\t                                    <path fill=\"none\" stroke=\"#000000\" stroke-width=\"2\" stroke-miterlimit=\"10\" d=\"M38,57A6,6 0,1,1 50,57A6,6 0,1,1 38,57\" style=\"stroke-dasharray: 38, 40; stroke-dashoffset: 0;\"><\/path>\n\t\t\t\t\t\t\t                                    <path fill=\"none\" stroke=\"#000000\" stroke-width=\"2\" stroke-miterlimit=\"10\" d=\"M26,57L38,57\" style=\"stroke-dasharray: 12, 14; stroke-dashoffset: 0;\"><\/path>\n\t\t\t\t\t\t\t                                    <path fill=\"none\" stroke=\"#000000\" stroke-width=\"2\" stroke-miterlimit=\"10\" d=\"M14,57L10,2L0,2\" style=\"stroke-dasharray: 66, 68; stroke-dashoffset: 0;\"><\/path>\n\t\t\t\t\t\t\t                                    <path fill=\"none\" stroke=\"#000000\" stroke-width=\"2\" stroke-miterlimit=\"10\" d=\"M13,43L56,40L63,10L11,10\" style=\"stroke-dasharray: 126, 128; stroke-dashoffset: 0;\"><\/path>\n\t\t\t\t\t\t\t                                    <path fill=\"none\" stroke=\"#000000\" stroke-width=\"2\" stroke-linejoin=\"bevel\" stroke-miterlimit=\"10\" d=\"M27.998,24L\n\t\t\t\t\t\t\t                                       35.998,16L43.998,24\" style=\"stroke-dasharray: 23, 25; stroke-dashoffset: 0;\"><\/path>\n\t\t\t\t\t\t\t                                    <g>\n\t\t\t\t\t\t\t                                       <path fill=\"none\" stroke=\"#000000\" stroke-width=\"2\" stroke-miterlimit=\"10\" d=\"M35.998,16L35.998,36\" style=\"stroke-dasharray: 20, 22; stroke-dashoffset: 0;\"><\/path>\n\t\t\t\t\t\t\t                                    <\/g>\n\t\t\t\t\t\t\t                                 <\/svg>","html_four_contact_us_2":"[rocket ]Free standard shipping<br>on all orders.","show_share_btn_contact_us_2":true,"share_type_contact_us_2":"1","banner_text_color_pass":"dark","layout_pass":"2","tea_revolution_sc_pass":"","logo_pass":"","logo_max_width_pass":"100","header_pass":"MAINTENANCE","sub_header_pass":"NEW WEB-SITE COMING SOON...","sub_text_pass":"Condimentum ipsum a adipiscing hac consectetur urna commodo elit parturient a molestie ut nisl parturient convallier ullamcorper phasellus mus cubilia eget.","show_countdown_pass":true,"sub_countdown_pass":"New store we be launched in:","date_pass":"2017\/12\/30","social_newsletter_pass":true,"use_mailchimp_pass":true,"show_use_pass":true,"social_enabled_pass":true,"share_type_pass":"2","section_bg_image_pass":"","share_facebook":true,"share_twitter":true,"share_google":true,"share_pinterest":true,"share_tumblr":true,"share_email":true,"social_twitter_link":"https:\/\/twitter.com\/travellaclub","social_facebook_link":"https:\/\/Facebook.com\/travellaclub","social_pinterest_link":"https:\/\/Pinterest.com\/travellaclub","social_google_plus_link":"","social_instagram_link":"https:\/\/Instagram.com\/travellaclub","social_tumblr_link":"","social_youtube_link":"","social_vimeo_link":"","social_snapchat_link":"","checkout_header_image":"","checkout_logo_image":"shopify:\/\/shop_images\/travella-club-logo-white-bg_0ca48c98-7ac9-40f7-9a2a-757e4b22576c.png","checkout_logo_position":"center","checkout_logo_size":"medium","checkout_body_background_image":"","checkout_body_background_color":"#fff","checkout_input_background_color_mode":"white","checkout_sidebar_background_image":"","checkout_sidebar_background_color":"#646262","checkout_heading_font":"Helvetica Neue","checkout_body_font":"Helvetica Neue","checkout_accent_color":"#1990c6","checkout_button_color":"#f93700","checkout_error_color":"#ff6d6d","size_titles_text":"26","size_title_products":"38","use_mailchimp":"true","show_comements":"on","color_secondary":"","color_regular":"#ececec","color_regular_hover":"#3e3e3e","color_shop_btn":"#000000","color_shop_btn_hover":"#333333","color_accent_btn":"","color_accent_btn_hover":"","style_top_categories":"style_top_show_all","layout":"grid","tags_enable":"true","collection_infinite_scrolling":"true","body_logo_image_white":"","top_bar_menu":"main-menu","title_our_1":"aasdassa","portfolio_style":"1","projects_pagination":"2","share_buttons":"true","display_related_post":"true","posts_excerpt":"1","color_text":"#3d4246","color_sale_text":"#145377","color_borders":"#e8e9eb","color_button":"#7796a8","color_button_text":"#fff","color_small_button":"#fff","color_small_button_text":"#3d4246","color_text_field":"#fff","color_text_field_text":"#000","color_image_overlay_text":"#fff","color_image_overlay":"#3d4246","image_overlay_opacity":"0.25","color_body_bg":"#fff","type_header_family":"Google_Work+Sans_600_sans","type_header_base_size":"26px","type_base_family":"Google_Work+Sans_400_sans","type_base_size":"16px","type_bold_product_titles":"false","arr_group_handle":"","hidden_variant_sold_out":"false","show_watch_products":"true","show_helper":"true","sections":{"gl-product-page-description":{"type":"gl-product-page-description","blocks":{"1497870185984":{"type":"description","settings":{"title":"Description"}},"1497870204981":{"type":"additional","settings":{"title":"Additional Information"}},"1497870197904":{"type":"review","settings":{"title":"Reviews","use_count_reviews":true}},"1497870213063":{"type":"html","settings":{"title":"Shipping & Delivery","code":"<img src=\"\/\/cdn.shopify.com\/s\/files\/1\/1933\/6253\/files\/shipping.jpg?2957050064640912120\" class=\"alignleft\"> \n<p>Vestibulum curae torquent diam diam commodo parturient penatibus nunc dui adipiscing convallis bulum parturient suspendisse parturient a.Parturient in parturient scelerisque nibh lectus quam a natoque adipiscing a vestibulum hendrerit et pharetra fames.Consequat net<\/p>\n<p>Vestibulum parturient suspendisse parturient a.Parturient in parturient scelerisque  nibh lectus quam a natoque adipiscing a vestibulum hendrerit et pharetra fames.Consequat netus.<\/p>\n<p>Scelerisque adipiscing bibendum sem vestibulum et in a a a purus lectus faucibus lobortis tincidunt purus lectus nisl class eros.Condimentum a et ullamcorper dictumst mus et tristique elementum nam inceptos hac vestibulum amet elit<\/p>\n<div class=\"clearfix\"><\/div>"}}},"block_order":["1497870185984","1497870204981","1497870197904","1497870213063"],"settings":{}},"gl_section_sidebar_product":{"type":"gl_section_sidebar_product","blocks":{"1498814226759":{"type":"shipping","settings":{"title":"Shipping &amp; Delivery","style":"2","shipping_1":"clock-o,Save up to 20%,limited time","shipping_2":"clock-o,Save up to 20%,limited time","shipping_3":"clock-o,Save up to 20%,limited time","shipping_4":"","shipping_5":"","shipping_6":""}},"1498815257232":{"type":"collection","settings":{"title":"Sale Products","featured_product_list_collection":"","featured_product_limit_all":"3"}},"1498816326534":{"type":"html","settings":{"title":"Custom HTML","code":"<h3>asdsadasd<\/h3><h3><\/h3>"}},"1498816339430":{"type":"text","settings":{"title":"Talk about your brand","text":"<p>Use this text to share infor<a href=\"\/pages\/recently-viewed-products\" title=\"recently viewed products\"><strong>mation about your brand with your customers. Describe a product, share<\/strong><\/a> announcements, or welcome customers to your store.<\/p>"}},"1498816375250":{"type":"banner","settings":{"img_banner":"","link":""}},"1498817647779":{"type":"banner","settings":{"img_banner":"","link":""}}},"block_order":["1498814226759","1498815257232","1498816326534","1498816339430","1498816375250","1498817647779"],"settings":{}},"gl_section_sidebar_blog":{"type":"gl_section_sidebar_blog","blocks":{"1499690601971":{"type":"search","settings":{"title":"Search"}},"1499678439559":{"type":"recent","settings":{"title":"Recent Post","featured_posts_limit_all":"10"}}},"block_order":["1499690601971","1499678439559"],"settings":{}},"faqs_faq":{"type":"faqs_faq","blocks":{"1499914746683":{"type":"block","settings":{"title":"envelope","text":"Tel: 877-45-44-33<br>E-Mail: shop@store.uk"}},"1499914772965":{"type":"block","settings":{"title":"cursor","text":"20 Margaret St, London<br>\nGreat Britain, 3NM98-LK"}},"1499914774323":{"type":"block","settings":{"title":"rocket","text":"Free standard shipping<br>\non all orders in New York"}},"1499914775895":{"type":"block","settings":{"title":"clock","text":"Support forum provide<br>\nfor over 24h, every day."}}},"block_order":["1499914746683","1499914772965","1499914774323","1499914775895"],"settings":{"title":"FAQS","section_bg_image":"","section_bg_color":"#f9f9f9","section_margin_top":"","section_margin_bottom":"","section_padding_top":"","section_padding_right":"","section_padding_bottom":"","section_padding_left":"","hidden_section":false}},"faqs_question":{"type":"faqs_question","blocks":{"1499915697028":{"type":"block","settings":{"title_one":"Eu dictumst cum at sed euismod condimentum?","answering_one":"Justo est cum sit fames ac convallis est non leo rhoncus feugiat scelerisque tempus nec sapien vestibulum dis parturient felis a taciti.","title_two":"Odio molestie hac eros consectetur scelerisque?","answering_two":"Eu tincidunt magnis erat malesuada vulputate parturient nisl a nisl in a facilisis porttitor ullamcorper nec a a lectus eget non leo ad ad parturient pretium magna.A ligula dis vestibulum dapibus."}},"1499915701444":{"type":"block","settings":{"title_one":"Vestibulum ullamcorper auctor ornare iaculis?","answering_one":"Facilisi malesuada in penatibus a torquent at a parturient suspendisse suspendisse per a augue fames commodo ullamcorper duis.","title_two":"Elit id blandit bibendum velit non vulputate?","answering_two":"Parturient lectus malesuada condimentum suspendisse urna a dis convallis adipiscing vestibulum elit amet porta quis parturient a id facilisis arcu eleifend.A purus nulla suspendisse ullamcorper orci fames."}}},"block_order":["1499915697028","1499915701444"],"settings":{"title":"FaQs. General Information","section_bg_image":"","section_bg_color":"#f9f9f9","section_margin_top":"","section_margin_bottom":"50px","section_padding_top":"","section_padding_right":"","section_padding_bottom":"","section_padding_left":"","hidden_section":false}},"faqs_tab":{"type":"faqs_tab","blocks":{"1499916991674":{"type":"block","settings":{"title":"Sale","question_1":"I haven't received my item. What can I do?","answering_1":"<p>Sed primis eu conubia erat ut nam vitae a habitant dui adipiscing a dignissim eu a ad venenatis. Non vivamus enim himenaeos porta id morbi montes ut sem scelerisque in litora id scelerisque consectetur eget cras hac nascetur sociis in feugiat mi platea odio pretium ullamcorper.<\/p>\n<p>Non vivamus enim himenaeos porta id morbi montes ut sem scelerisque in litora id scelerisque consectetur eget cras hac nascetur sociis in feugiat mi platea odio pretium ullamcorper.<\/p>","question_2":"Ipsum ac erat cursus rutrum parturient a a nostra?","answering_2":"<p>Sed primis eu conubia erat ut nam vitae a habitant dui adipiscing a dignissim eu a ad venenatis. Non vivamus enim himenaeos porta id morbi montes ut sem scelerisque in litora id scelerisque consectetur eget cras hac nascetur sociis in feugiat mi platea odio pretium ullamcorper.<\/p>\n<p>Non vivamus enim himenaeos porta id morbi montes ut sem scelerisque in litora id scelerisque consectetur eget cras hac nascetur sociis in feugiat mi platea odio pretium ullamcorper.<\/p>","question_3":"Tellus ridiculus non tempus laoreet nec diam eleifend id ullamcorper?","answering_3":"<p>Sed primis eu conubia erat ut nam vitae a habitant dui adipiscing a dignissim eu a ad venenatis. Non vivamus enim himenaeos porta id morbi montes ut sem scelerisque in litora id scelerisque consectetur eget cras hac nascetur sociis in feugiat mi platea odio pretium ullamcorper.<\/p>\n<p>Non vivamus enim himenaeos porta id morbi montes ut sem scelerisque in litora id scelerisque consectetur eget cras hac nascetur sociis in feugiat mi platea odio pretium ullamcorper.<\/p>","question_4":"Ad a dui a lacinia nec nec non volutpat?","answering_4":"<p>Sed primis eu conubia erat ut nam vitae a habitant dui adipiscing a dignissim eu a ad venenatis. Non vivamus enim himenaeos porta id morbi montes ut sem scelerisque in litora id scelerisque consectetur eget cras hac nascetur sociis in feugiat mi platea odio pretium ullamcorper.<\/p>\n<p>Non vivamus enim himenaeos porta id morbi montes ut sem scelerisque in litora id scelerisque consectetur eget cras hac nascetur sociis in feugiat mi platea odio pretium ullamcorper.<\/p>","question_5":"Dui nisi in cum augue adipiscing nibh taciti mollis condimentum risus?","answering_5":"<p>Sed primis eu conubia erat ut nam vitae a habitant dui adipiscing a dignissim eu a ad venenatis. Non vivamus enim himenaeos porta id morbi montes ut sem scelerisque in litora id scelerisque consectetur eget cras hac nascetur sociis in feugiat mi platea odio pretium ullamcorper.<\/p>\n<p>Non vivamus enim himenaeos porta id morbi montes ut sem scelerisque in litora id scelerisque consectetur eget cras hac nascetur sociis in feugiat mi platea odio pretium ullamcorper.<\/p>","question_6":"Tellus ridiculus non tempus laoreet nec diam eleifend id ullamcorper?","answering_6":"<p>Sed primis eu conubia erat ut nam vitae a habitant dui adipiscing a dignissim eu a ad venenatis. Non vivamus enim himenaeos porta id morbi montes ut sem scelerisque in litora id scelerisque consectetur eget cras hac nascetur sociis in feugiat mi platea odio pretium ullamcorper.<\/p>\n<p>Non vivamus enim himenaeos porta id morbi montes ut sem scelerisque in litora id scelerisque consectetur eget cras hac nascetur sociis in feugiat mi platea odio pretium ullamcorper.<\/p>","question_7":"","answering_7":"","question_8":"","answering_8":"","question_9":"","answering_9":"","question_10":"","answering_10":""}},"1499917060299":{"type":"block","settings":{"title":"Terms & Conditions","question_1":"I haven't received my item. What can I do?","answering_1":"<p>Sed primis eu conubia erat ut nam vitae a habitant dui adipiscing a dignissim eu a ad venenatis. Non vivamus enim himenaeos porta id morbi montes ut sem scelerisque in litora id scelerisque consectetur eget cras hac nascetur sociis in feugiat mi platea odio pretium ullamcorper.<\/p>\n<p>Non vivamus enim himenaeos porta id morbi montes ut sem scelerisque in litora id scelerisque consectetur eget cras hac nascetur sociis in feugiat mi platea odio pretium ullamcorper.<\/p>","question_2":"Ipsum ac erat cursus rutrum parturient a a nostra?","answering_2":"<p>Sed primis eu conubia erat ut nam vitae a habitant dui adipiscing a dignissim eu a ad venenatis. Non vivamus enim himenaeos porta id morbi montes ut sem scelerisque in litora id scelerisque consectetur eget cras hac nascetur sociis in feugiat mi platea odio pretium ullamcorper.<\/p>\n<p>Non vivamus enim himenaeos porta id morbi montes ut sem scelerisque in litora id scelerisque consectetur eget cras hac nascetur sociis in feugiat mi platea odio pretium ullamcorper.<\/p>","question_3":"Tellus ridiculus non tempus laoreet nec diam eleifend id ullamcorper?","answering_3":"<p>Sed primis eu conubia erat ut nam vitae a habitant dui adipiscing a dignissim eu a ad venenatis. Non vivamus enim himenaeos porta id morbi montes ut sem scelerisque in litora id scelerisque consectetur eget cras hac nascetur sociis in feugiat mi platea odio pretium ullamcorper.<\/p>\n<p>Non vivamus enim himenaeos porta id morbi montes ut sem scelerisque in litora id scelerisque consectetur eget cras hac nascetur sociis in feugiat mi platea odio pretium ullamcorper.<\/p>","question_4":"Ad a dui a lacinia nec nec non volutpat?","answering_4":"<p>Sed primis eu conubia erat ut nam vitae a habitant dui adipiscing a dignissim eu a ad venenatis. Non vivamus enim himenaeos porta id morbi montes ut sem scelerisque in litora id scelerisque consectetur eget cras hac nascetur sociis in feugiat mi platea odio pretium ullamcorper.<\/p>\n<p>Non vivamus enim himenaeos porta id morbi montes ut sem scelerisque in litora id scelerisque consectetur eget cras hac nascetur sociis in feugiat mi platea odio pretium ullamcorper.<\/p>","question_5":"Dui nisi in cum augue adipiscing nibh taciti mollis condimentum risus?","answering_5":"<p>Sed primis eu conubia erat ut nam vitae a habitant dui adipiscing a dignissim eu a ad venenatis. Non vivamus enim himenaeos porta id morbi montes ut sem scelerisque in litora id scelerisque consectetur eget cras hac nascetur sociis in feugiat mi platea odio pretium ullamcorper.<\/p>\n<p>Non vivamus enim himenaeos porta id morbi montes ut sem scelerisque in litora id scelerisque consectetur eget cras hac nascetur sociis in feugiat mi platea odio pretium ullamcorper.<\/p>","question_6":"Tellus ridiculus non tempus laoreet nec diam eleifend id ullamcorper?","answering_6":"<p>Sed primis eu conubia erat ut nam vitae a habitant dui adipiscing a dignissim eu a ad venenatis. Non vivamus enim himenaeos porta id morbi montes ut sem scelerisque in litora id scelerisque consectetur eget cras hac nascetur sociis in feugiat mi platea odio pretium ullamcorper.<\/p>\n<p>Non vivamus enim himenaeos porta id morbi montes ut sem scelerisque in litora id scelerisque consectetur eget cras hac nascetur sociis in feugiat mi platea odio pretium ullamcorper.<\/p>","question_7":"","answering_7":"","question_8":"","answering_8":"","question_9":"","answering_9":"","question_10":"","answering_10":""}},"1502068081410":{"type":"block","settings":{"title":"Privacy Policy","question_1":"Tellus ridiculus non tempus laoreet nec diam eleifend id ullamcorper?","answering_1":"<p>Sed primis eu conubia erat ut nam vitae a habitant dui adipiscing a dignissim eu a ad venenatis. Non vivamus enim himenaeos porta id morbi montes ut sem scelerisque in litora id scelerisque consectetur eget cras hac nascetur sociis in feugiat mi platea odio pretium ullamcorper.<\/p>\n<p>Non vivamus enim himenaeos porta id morbi montes ut sem scelerisque in litora id scelerisque consectetur eget cras hac nascetur sociis in feugiat mi platea odio pretium ullamcorper.<\/p>","question_2":"Ad a dui a lacinia nec nec non volutpat?","answering_2":"<p>Sed primis eu conubia erat ut nam vitae a habitant dui adipiscing a dignissim eu a ad venenatis. Non vivamus enim himenaeos porta id morbi montes ut sem scelerisque in litora id scelerisque consectetur eget cras hac nascetur sociis in feugiat mi platea odio pretium ullamcorper.<\/p>\n<p>Non vivamus enim himenaeos porta id morbi montes ut sem scelerisque in litora id scelerisque consectetur eget cras hac nascetur sociis in feugiat mi platea odio pretium ullamcorper.<\/p>","question_3":"Dui nisi in cum augue adipiscing nibh taciti mollis condimentum risus?","answering_3":"<p>Sed primis eu conubia erat ut nam vitae a habitant dui adipiscing a dignissim eu a ad venenatis. Non vivamus enim himenaeos porta id morbi montes ut sem scelerisque in litora id scelerisque consectetur eget cras hac nascetur sociis in feugiat mi platea odio pretium ullamcorper.<\/p>\n<p>Non vivamus enim himenaeos porta id morbi montes ut sem scelerisque in litora id scelerisque consectetur eget cras hac nascetur sociis in feugiat mi platea odio pretium ullamcorper.<\/p>","question_4":"Ipsum ac erat cursus rutrum parturient a a nostra?","answering_4":"<p>Sed primis eu conubia erat ut nam vitae a habitant dui adipiscing a dignissim eu a ad venenatis. Non vivamus enim himenaeos porta id morbi montes ut sem scelerisque in litora id scelerisque consectetur eget cras hac nascetur sociis in feugiat mi platea odio pretium ullamcorper.<\/p>\n<p>Non vivamus enim himenaeos porta id morbi montes ut sem scelerisque in litora id scelerisque consectetur eget cras hac nascetur sociis in feugiat mi platea odio pretium ullamcorper.<\/p>","question_5":"I haven't received my item. What can I do?","answering_5":"<p>Sed primis eu conubia erat ut nam vitae a habitant dui adipiscing a dignissim eu a ad venenatis. Non vivamus enim himenaeos porta id morbi montes ut sem scelerisque in litora id scelerisque consectetur eget cras hac nascetur sociis in feugiat mi platea odio pretium ullamcorper.<\/p>\n<p>Non vivamus enim himenaeos porta id morbi montes ut sem scelerisque in litora id scelerisque consectetur eget cras hac nascetur sociis in feugiat mi platea odio pretium ullamcorper.<\/p>","question_6":"Ad a dui a lacinia nec nec non volutpat?","answering_6":"<p>Sed primis eu conubia erat ut nam vitae a habitant dui adipiscing a dignissim eu a ad venenatis. Non vivamus enim himenaeos porta id morbi montes ut sem scelerisque in litora id scelerisque consectetur eget cras hac nascetur sociis in feugiat mi platea odio pretium ullamcorper.<\/p>\n<p>Non vivamus enim himenaeos porta id morbi montes ut sem scelerisque in litora id scelerisque consectetur eget cras hac nascetur sociis in feugiat mi platea odio pretium ullamcorper.<\/p>","question_7":"","answering_7":"","question_8":"","answering_8":"","question_9":"","answering_9":"","question_10":"","answering_10":""}}},"block_order":["1499916991674","1499917060299","1502068081410"],"settings":{"use_form_question":true,"hidden_form_name":false,"title":"Ask a Question","sub_text":"Sed primis eu conubia erat ut nam vitae a habitant dui adipiscing a dignissim eu a ad venenatis. Non vivamus enim himenaeos porta id morbi montes ut sem scelerisque in","name":"Your Name","email":"Your Email (required)","message":"Your Message","submit":"ASK A QUESTION","section_margin_top":"30px","section_margin_bottom":"30px","section_padding_top":"","section_padding_right":"","section_padding_bottom":"","section_padding_left":"","hidden_section":false}},"faqs_counter":{"type":"faqs_counter","blocks":{"1499931111239":{"type":"basel-counter","settings":{"icon":"clip","value":"3200","label":"TOPICS CREATED"}},"1499931114678":{"type":"basel-counter","settings":{"icon":"star","value":"180","label":"HAPPY CUSTOMERS"}},"1499931121410":{"type":"basel-counter","settings":{"icon":"diamond","value":"5","label":"YEAR OF DEVELOPING"}},"1499931124082":{"type":"basel-counter","settings":{"icon":"bubble","value":"5000","label":"ANSWERED QUESTIONS"}}},"block_order":["1499931111239","1499931114678","1499931121410","1499931124082"],"settings":{"section_bg_image":"","section_bg_color":"#f9f9f9","section_margin_top":"","section_margin_bottom":"-40px","section_padding_top":"","section_padding_right":"","section_padding_bottom":"","section_padding_left":"","hidden_section":false}},"gl_mega_menu":{"type":"gl_mega_menu","blocks":{"1512125503200":{"type":"menu_item_no_children","settings":{"title":"Home","icon":"","button_link":"\/","label":"","color":"#ffffff"}},"1512125506163":{"type":"menu_item_no_children","settings":{"title":"SHOP","icon":"","button_link":"shopify:\/\/collections\/all","label":"HOT","color":"#dc0000"}},"1512125288264":{"type":"menu_item_no_children","settings":{"title":"GIFTS","icon":"gift","button_link":"shopify:\/\/collections\/gifts","label":"NEW","color":"#0050ff"}},"1512125443513":{"type":"menu_item_no_children","settings":{"title":"BLOG","icon":"","button_link":"shopify:\/\/blogs\/blog","label":"","color":"#ffffff"}},"1511795089938":{"type":"menu_item_no_children","settings":{"title":"CONTACT US","icon":"","button_link":"shopify:\/\/pages\/contact-us","label":"","color":"#ffffff"}},"1512414049724":{"type":"button","settings":{"title":"BECOME A VIP","button_link":"shopify:\/\/pages\/vip"}}},"block_order":["1512125503200","1512125506163","1512125288264","1512125443513","1511795089938","1512414049724"],"settings":{"active_sub_menu":"hover","label_1":"","color_1":"#1e9ca2","label_2":"","color_2":"#ac2626","label_3":"","color_3":"#c0cb22","label_4":"","color_4":"#887272","label_5":"","color_5":""}},"gl_mobile_menu":{"type":"gl_mobile_menu","settings":{"menu":""}},"gl_search-by-category":{"type":"gl_search-by-category","blocks":{"1501063628239":{"type":"collection_featured","settings":{"collection_id":""}},"1501063632717":{"type":"collection_featured","settings":{"collection_id":""}},"1501063636724":{"type":"collection_featured","settings":{"collection_id":""}},"1501063643140":{"type":"collection_featured","settings":{"collection_id":""}}},"block_order":["1501063628239","1501063632717","1501063636724","1501063643140"],"settings":{"top_categories":"2"}},"gl_mega-navigation":{"type":"gl_mega-navigation","blocks":{"1501116410889":{"type":"dropdown","settings":{"title":"shop","icon":"","button_link":"","label":"","color":"#ffffff"}},"1501116421296":{"type":"menu_item_no_children","settings":{"title":"Home","icon":"","button_link":"","label":"","color":"#ffffff"}},"1501117830239":{"type":"mega_sub","settings":{"title":"shop","icon":"","button_link":"","label":"","color":"#ffffff","show_img":false,"banner":"","full_width":false,"menu_width":"825"}},"1501120761632":{"type":"mega_sub","settings":{"title":"all menu","icon":"user","button_link":"\/account","label":"all","color":"#c98484","show_img":true,"banner":"","full_width":true,"menu_width":"826"}}},"block_order":["1501116410889","1501116421296","1501117830239","1501120761632"],"settings":{"active_sub_menu":"click","label_1":"","color_1":"","label_2":"","color_2":"","label_3":"","color_3":"","label_4":"","color_4":"","label_5":"","color_5":""}},"gl_top_bar_menu":{"type":"gl_top_bar_menu","blocks":{"1501123128286":{"type":"menu_item_no_children","settings":{"title":"My Account","icon":"user","button_link":"\/account"}},"1501123166194":{"type":"menu_item_no_children","settings":{"title":"Cart","icon":"","button_link":"\/cart"}},"1501749498671":{"type":"menu_item_no_children","settings":{"title":"Contact Us","icon":"","button_link":"shopify:\/\/pages\/contact-us"}}},"block_order":["1501123128286","1501123166194","1501749498671"],"settings":{}},"gl_footer":{"type":"gl_footer","blocks":{"1501140417063":{"type":"logo","settings":{"footer_logo_image":"shopify:\/\/shop_images\/travella-club-logo-white-bg_0ca48c98-7ac9-40f7-9a2a-757e4b22576c.png","logo_max_width":"200","social_enabled":true,"share_type":"2","logo_custom_html":"<center>\n<a style=\"color:white;\" href=\"mailto:support@travellaclub.com\">support@travellaclub.com<\/a><br>\n<a style=\"color:white;\" href=\"tel:7186184496\">(718) 618-4496<\/a><br>\n<i class=\"fa fa-copyright\"><\/i>  2017 <a href=\"https:\/\/travellaclub.com\" style=\" color:white\">TravellaClub.com<\/a>. All rights reserved.<\/center>"}},"1501752631358":{"type":"html","settings":{"title":"INFORMATION","html":"<ul class=\"menu\">\n<li><a href=\"\/pages\/about-us\">About Us<\/a><\/li>\n<li><a href=\"\/pages\/contact-us\">Contact Us<\/a><\/li>\n<li><a href=\"\/pages\/customer-service\">Customer Service<\/a><\/li>\n<li><a href=\"\/pages\/shipping-policy\">Shipping Policy<\/a><\/li>\n<li><a href=\"\/pages\/refund-policy\">Refund Policy<\/a><\/li>\n<li><a href=\"\/pages\/privacy-policy\">Privacy Policy<\/a><\/li>\n<li><a href=\"\/pages\/terms-and-conditions\">Terms &amp; Conditions<\/a><\/li>\n<\/ul>","enabled_payment_types":true,"footer_payment_image":""}},"1501752636586":{"type":"html","settings":{"title":"MY ACCOUNT","html":"<ul class=\"menu\">\n<li><a href=\"\/account\/login\">Sign In<\/a><\/li>\n<li><a href=\"\/account\/login\">Create Account<\/a><\/li>\n<\/ul>","enabled_payment_types":false,"footer_payment_image":"shopify:\/\/shop_images\/available-credit-cards.png"}},"1501752248456":{"type":"html","settings":{"title":"NAVIGATION","html":"<ul class=\"menu\">\n<li><a href=\"\/collections\/all\">SHOP<\/a><\/li>\n<li><a href=\"\/collections\/gifts\">GIFTS<\/a><\/li>\n<li><a href=\"\/collections\/umbrellas\">Umbrellas<\/a><\/li>\n<li><a href=\"\/collections\/toiletry\">Toiletry<\/a><\/li>\n<li><a href=\"\/collections\/security\">Security<\/a><\/li>\n<\/ul>","enabled_payment_types":false,"footer_payment_image":"shopify:\/\/shop_images\/payment-methods_ef9ae9e3-7a3d-4eb9-bff5-3e7ce983cf73.png"}}},"block_order":["1501140417063","1501752631358","1501752636586","1501752248456"],"settings":{}},"gl_filter_area":{"type":"gl_filter_area","blocks":{"1501350109289":{"type":"sortby","settings":{"title":"Sort by"}},"1512124759284":{"type":"others","settings":{"title":"Features","shop_by_tags":"Waterproof, Sunproof, Windproof","use_tag_countdown":false,"use_auto_filter_tag":false,"key_2":"other","key":""}},"1512124866076":{"type":"others","settings":{"title":"GIFT GUIDE","shop_by_tags":"For Him, For Her, For Kids","use_tag_countdown":false,"use_auto_filter_tag":false,"key_2":"other","key":""}}},"block_order":["1501350109289","1512124759284","1512124866076"],"settings":{}},"gl_section_sidebar_shop":{"type":"gl_section_sidebar_shop","blocks":{"1501492296062":{"type":"category","settings":{"title":"Product Categories","top_categories_source":"top_categories_show_all","top_categories_link_list":""}},"1501493451817":{"type":"color","settings":{"title":"Filter by color","shop_by_tags_color":"Blue, White, Red, Black, Brown, yellow, green","use_tag_countdown":false,"use_auto_filter_tag":false,"key_2":"","key":""}},"1501493484621":{"type":"tag","settings":{"title":"Product Tags","shop_by_tags":"shoes, watches, bags, thu"}}},"block_order":["1501492296062","1501493451817","1501493484621"],"settings":{}},"gl_custom_color":{"type":"gl_custom_color","blocks":{"1511781724170":{"type":"color_color","settings":{"title":"Green-Orange","color_1_c":"#41e300","color_2_c":"#ff7600","color_img":true,"color_jpg":""}},"1511781819871":{"type":"color_color","settings":{"title":"Pink-Yellow","color_1_c":"#ff74d6","color_2_c":"#fffc00","color_img":true,"color_jpg":""}},"1511781921226":{"type":"color_color","settings":{"title":"Blue-Red","color_1_c":"#0027ff","color_2_c":"#ff0000","color_img":false,"color_jpg":""}},"1511781973572":{"type":"color_color","settings":{"title":"Purple-Black","color_1_c":"#800080","color_2_c":"#000000","color_img":false,"color_jpg":""}},"1511782058741":{"type":"color_color","settings":{"title":"Orange-Yellow","color_1_c":"#ff7600","color_2_c":"#fffc00","color_img":false,"color_jpg":""}},"1511791685713":{"type":"color_color","settings":{"title":"Rainbow","color_1_c":"","color_2_c":"","color_img":true,"color_jpg":"shopify:\/\/shop_images\/rainbow.png"}}},"block_order":["1511781724170","1511781819871","1511781921226","1511781973572","1511782058741","1511791685713"],"settings":{}},"promo_banner_collection":{"type":"promo_banner_collection","blocks":{"1501643382367":{"type":"item","settings":{"title":"shoes","collection_id":"","image":"","banner_content":"","banner_btn_title":"click me","banner_link":"shopify:\/\/collections\/shoes","button_style_color":"default","banner_alignment":"right","banner_vertical_alignment":"top","banner_effect":"4","banner_content_style":"default","banner_color":"dark","enable_increase":true}},"1501644401965":{"type":"item","settings":{"title":"cosmetics","collection_id":"","image":"","banner_content":"","banner_btn_title":"Buy Now","banner_link":"shopify:\/\/collections\/cosmetics","button_style_color":"btn-style-bordered","banner_alignment":"center","banner_vertical_alignment":"top","banner_effect":"default","banner_content_style":"default","banner_color":"light","enable_increase":false}},"1512126133859":{"type":"item","settings":{"title":"Gifts","collection_id":"gifts","image":"shopify:\/\/shop_images\/gifts-banner.jpg","banner_content":"*","banner_btn_title":"","banner_link":"shopify:\/\/collections\/gifts","button_style_color":"default","banner_alignment":"right","banner_vertical_alignment":"bottom","banner_effect":"default","banner_content_style":"default","banner_color":"light","enable_increase":false}}},"block_order":["1501643382367","1501644401965","1512126133859"],"settings":{}},"product_360_section":{"type":"product_360_section","blocks":{"1501810369998":{"type":"item_image","settings":{"title":"Bitish Hunter Limited  Edition","product_id":"","image_1":"","image_2":"","image_3":"","image_4":"","image_5":"","image_6":"","image_7":"","image_8":"","image_9":"","image_10":"","image_11":"","image_12":"","image_13":"","image_14":"","image_15":"","image_16":"","image_17":"","image_18":"","image_19":"","image_20":"","image_21":"","image_22":"","image_23":"","image_24":"","image_25":""}}},"block_order":["1501810369998"],"settings":{}},"1502246960899":{"type":"gl_section_title","settings":{"row_stretch":"default","grid_width":"12","title":"FEATURED CATEGORIES","sub_title":"","text_after_title":"","title_style":"cross","title_color":"default","title_size":"default","subtitle_font":"default","title_align":"center","section_bg_color":"","section_border_color":"","section_border_style":"solid","section_border":"","section_margin_top":"","section_margin_bottom":"","section_padding_top":"","section_padding_right":"","section_padding_bottom":"","section_padding_left":""}},"1502246997633":{"type":"custom-content","disabled":true,"settings":{"code":"<div class=\"gl_row spb_row gl_inner gl_row-fluid\">\n   <div class=\"spb_column gl_column_container gl_col-sm-1 gl_col-lg-3 gl_col-md-2 gl_hidden-xs\">\n      <div class=\"gl_column-inner \">\n         <div class=\"spb_wrapper\"><\/div>\n      <\/div>\n   <\/div>\n   <div class=\"spb_column gl_column_container gl_col-sm-10 gl_col-lg-6 gl_col-md-8 gl_col-xs-12\">\n      <div class=\"gl_column-inner \">\n         <div class=\"spb_wrapper\">\n            <div class=\"spb_text_column spb_content_element\" style=\"margin-bottom: 25px;padding-right: 9%;padding-left: 9%\">\n               <div class=\"spb_wrapper\">\n                  <p class=\"font-title\" style=\"text-align: center; font-size: 16px; font-style: italic;\">Basel &amp; Co. is a powerful eCommerce theme for Shopify. Visit our shop page to see all main features for <a href=\"#\" class=\"color-primary\" style=\"text-decoration: underline;\" target=\"_blank\">Your Store<\/a><\/p>\n               <\/div>\n            <\/div>\n         <\/div>\n      <\/div>\n   <\/div>\n   <div class=\"spb_column gl_column_container gl_col-sm-1 gl_col-lg-3 gl_col-md-2 gl_hidden-xs\">\n      <div class=\"gl_column-inner \">\n         <div class=\"spb_wrapper\"><\/div>\n      <\/div>\n   <\/div>\n<\/div>","section_margin_top":"","section_margin_bottom":"","section_padding_top":"","section_padding_right":"","section_padding_bottom":"","section_padding_left":"","hidden_section":true}},"1502247057504":{"type":"gl_section_categories","blocks":{"1502247057504-0":{"type":"masonry_image","settings":{"image":"shopify:\/\/shop_images\/reverse-umbrella-rainbow-non-drip.jpg","id_collection":"best-sellers","width":"6","image_size":""}},"1502247057504-1":{"type":"masonry_image","settings":{"image":"shopify:\/\/shop_images\/IMG_5345.jpg","id_collection":"umbrellas","width":"3","image_size":"300x300"}},"1502247084100":{"type":"masonry_image","settings":{"image":"shopify:\/\/shop_images\/pure5.JPG","id_collection":"security","width":"3","image_size":"300x300"}},"1502247057504-2":{"type":"masonry_image","settings":{"image":"shopify:\/\/shop_images\/silicone-bottles-green-orange-in-bathroom.jpg","id_collection":"toiletry","width":"3","image_size":"300x300"}}},"block_order":["1502247057504-0","1502247057504-1","1502247084100","1502247057504-2"],"settings":{"row_stretch":"default","categories_layout":"masonry_first","categories_design":"default","space_categories":"30","silder_speed":"5000","silder_per_view":"4","hide_pagination":false,"hide_button":false,"slider_loop":false,"autoplay":false,"section_bg_color":"","section_border_color":"","section_border_style":"solid","section_border":"","section_margin_top":"","section_margin_bottom":"","section_padding_top":"","section_padding_right":"","section_padding_bottom":"","section_padding_left":"","hidden_section":false}},"1502247461007":{"type":"custom-content","settings":{"code":"<div class=\"gl_row spb_row gl_row-fluid\">\n   <div class=\"spb_column gl_column_container gl_col-sm-12\">\n      <div class=\"gl_column-inner \">\n         <div class=\"spb_wrapper\">\n            <div class=\"spb_text_column spb_content_element  color-scheme-light\" style=\"margin-bottom: 0;padding-top: 12px;padding-right: 20px;padding-bottom: 12px;padding-left: 20px;background-color: #0a0a0a\">\n               <div class=\"spb_wrapper\">\n                  <h6 style=\"text-align: center; line-height: 1.6; letter-spacing: 1.5px; font-size: 14px;\">GET EXCLUSIVE DEALS &amp; DISCOUNTS! · SIGN UP TO OUR <a href=\"https:\/\/travella-club.myshopify.com\/pages\/vip\" style=\"color: white; text-decoration: none; border-bottom: 1px solid rgba(255,255,255,0.5);\">VIP LIST<\/a>\n<\/h6>\n               <\/div>\n            <\/div>\n         <\/div>\n      <\/div>\n   <\/div>\n<\/div>","section_margin_top":"","section_margin_bottom":"65px","section_padding_top":"","section_padding_right":"","section_padding_bottom":"","section_padding_left":"","hidden_section":false}},"1502247507816":{"type":"gl_section_title","settings":{"row_stretch":"default","grid_width":"12","title":"FEATURED PRODUCTS","sub_title":"MADE THE HARD WAY","text_after_title":"","title_style":"cross","title_color":"default","title_size":"default","subtitle_font":"default","title_align":"center","section_bg_color":"","section_border_color":"","section_border_style":"solid","section_border":"","section_margin_top":"","section_margin_bottom":"5px","section_padding_top":"","section_padding_right":"","section_padding_bottom":"","section_padding_left":""}},"1502247545192":{"type":"gl_section_product_gird","settings":{"row_stretch":"default","home_featured_products":"umbrellas","paginate_index":"3","use_pagination":"arrows","grid_columns":"3","products_hover":"alt","shop_image_size":"","sale_countdown":false,"loop_sale_countdown":false,"countdown_style":"dark","section_bg_color":"","section_border_color":"","section_border_style":"solid","section_border":"","section_margin_top":"","section_margin_bottom":"3.5%","section_padding_top":"","section_padding_right":"","section_padding_bottom":"","section_padding_left":"","hidden_section":false}},"1502247626198":{"type":"gl_newsletter","blocks":{"1502247626198-0":{"type":"1","settings":{"title":"Sign Up To Our Newsletter","subtitle":"Get exclusive discounts & deals","subtext":"Straight to your inbox"}}},"block_order":["1502247626198-0"],"settings":{"use_mailchimp":false,"row_stretch":"stretch_row","full_height":false,"columns_position":"middle","equal_height":false,"content_position":"default","use_video":false,"video_url":"https:\/\/www.youtube.com\/watch?v=flTcrOns02I","section_bg_image":"","bg_img_center":true,"bg_size_cover":true,"section_bg_color":"#62cae6","section_border_color":"","section_border_style":"solid","section_border":"","section_margin_top":"","section_margin_bottom":"3%","section_padding_top":"","section_padding_right":"","section_padding_bottom":"","section_padding_left":"","use_parallax":false,"use_gradient":false,"gradient":"left","color_gradient_one":"","color_opacity_one":"1","color_percent_one":"1","color_gradient_two":"","color_opacity_two":"1","color_percent_two":"33","use_color_gradient_three":false,"color_gradient_three":"","color_opacity_three":"1","color_percent_three":"66","use_color_gradient_four":false,"color_gradient_four":"","color_opacity_four":"1","color_percent_four":"100"}},"1502247819093":{"type":"gl_section_blog","settings":{"row_stretch":"default","title":"OUR BLOG","sub_title":"Latest travel tips, tricks & hacks","text_after_title":"","title_style":"default","title_color":"default","title_size":"default","subtitle_font":"default","title_align":"center","blog":"blog","paginate_index":"3","use_pagination":"more_btn","style":"masonry","columns":"3","enable_title":"show","enable_meta":"show","enable_text":"show","enable_button":"hide","enable_post_categories":"show","enable_post_date":"show","section_bg_color":"","section_border_color":"","section_border_style":"solid","section_border":"","section_margin_top":"","section_margin_bottom":"50px","section_padding_top":"","section_padding_right":"","section_padding_bottom":"","section_padding_left":"","hidden_section":false}},"1502247896259":{"type":"gl_section_store_information","disabled":true,"blocks":{"1502247896259-0":{"type":"image","settings":{"disabled_logo":false,"image":"","title":"MINIMALISTIC AJAX E-COMMERCE THEME","richtext":"<p>Adipiscing dignissim euismod ad venenatis volutpat sociis feugiat purus ridiculus rhoncus nullam sodales euismod ad venenatis volutpa ridiculus.<\/p>","button_label":"PURCHASE BASEL","button_link":"shopify:\/\/collections\/all","button_color":"black","button_style":"default","button_size":"small"}},"1502247896259-1":{"type":"text","settings":{"title":"About the shop","icon":"heart-o","richtext":"<p><strong>Basel &amp; Company<\/strong> &ndash; is a famous worldwide fashion store dipiscing dignissim euismod ad venenatis volutpat sociis feugiat purus ridiculus.<\/p>","button_label":"SHOP NOW","button_link":"shopify:\/\/collections\/all","button_color":"default","button_style":"bordered","button_size":"small"}}},"block_order":["1502247896259-0","1502247896259-1"],"settings":{"row_stretch":"stretch_row","full_height":false,"columns_position":"middle","use_video":false,"video_url":"https:\/\/www.youtube.com\/watch?v=flTcrOns02I","section_bg_image":"","section_bg_color":"#000000","section_border_color":"","section_border_style":"solid","section_border":"","section_margin_top":"","section_margin_bottom":"25px","section_padding_top":"","section_padding_right":"","section_padding_bottom":"","section_padding_left":"","hidden_section":false,"use_parallax":false}},"1502248252942":{"type":"gl_instagram_width_testimonial","disabled":true,"blocks":{"1511794656130":{"type":"quote","settings":{"author":"Paul","user_title":"Great Products","avatar":"","quote":"<p>Add customer reviews and testimonials to showcase your store’s happy customers.<\/p>"}},"1511794681365":{"type":"quote","settings":{"author":"Author's name","user_title":"User title","avatar":"","quote":"<p>Add customer reviews and testimonials to showcase your store’s happy customers.<\/p>"}},"1511794685250":{"type":"quote","settings":{"author":"Adrian","user_title":"Very usefull!","avatar":"","quote":"<p>Add customer reviews and testimonials to showcase your store’s happy customers.<\/p>"}}},"block_order":["1511794656130","1511794681365","1511794685250"],"settings":{"row_stretch":"stretch_row","full_height":false,"columns_position":"middle","equal_height":true,"content_position":"middle","block_width_tes":"12","title_tes":"WHAT CUSTOMERS SAY ABOUT US","title_style":"cross","layout":"slider","style":"standard","align":"center","columns":"3","silder_speed_tes":"5000","silder_per_view_tes":"1","hide_pagination_tes":false,"hide_button_tes":true,"slider_loop_tes":false,"autoplay_tes":false,"block_width":"12","show_title":false,"title":"[social-instagram]FOLLOW @INSTAGRAM","style_title":"1","bg_title":"","username":"frassyaudrey","limit":"12","photo_size":"s200x200","open_link":"_self","photo_design":"grid","photo_per_row":"6","spaces_section":false,"rounded_section":false,"silder_speed":"5000","hide_pagination":false,"hide_button":false,"slider_loop":false,"autoplay":false,"show_ins_text":true,"overlay_title":"INSTAGRAM FEED","subtext":"","button_label":"","button_link":"","button_color":"white","button_style":"bordered","button_size":"default","section_bg_color":"","section_margin_top":"","section_margin_bottom":"25px","section_padding_top":"","section_padding_right":"","section_padding_bottom":"","section_padding_left":"","hidden_section":false}},"1502248880578":{"type":"gl_section_brands","disabled":true,"blocks":{"1502249016612":{"type":"logo_image","settings":{"image":"","link":"shopify:\/\/collections\/all"}},"1502248880578-0":{"type":"logo_image","settings":{"image":"","link":"shopify:\/\/collections\/all"}},"1502248880578-1":{"type":"logo_image","settings":{"image":"","link":"shopify:\/\/collections\/all"}},"1502248880578-2":{"type":"logo_image","settings":{"image":"","link":"shopify:\/\/collections\/all"}},"1502248880578-3":{"type":"logo_image","settings":{"image":"","link":"shopify:\/\/collections\/all"}},"1502249127799":{"type":"logo_image","settings":{"image":"","link":"shopify:\/\/collections\/all"}}},"block_order":["1502249016612","1502248880578-0","1502248880578-1","1502248880578-2","1502248880578-3","1502249127799"],"settings":{"title":"OUR PARTNERS","padding_title":"9px-30px","row_stretch":"stretch_row","content_position":"default","use_photowipe":false,"view":"carousel","space":"0","columns":"4","silder_speed":"5000","silder_per_view":"5","hide_pagination":true,"hide_button":true,"slider_loop":false,"autoplay":false,"hide_medium":false,"hide_small":false,"hide_extra_small":false,"section_bg_color":"#f4f4f4","section_border_color":"","section_border_style":"solid","section_border":"","section_margin_top":"","section_margin_bottom":"-40px","section_padding_top":"","section_padding_right":"","section_padding_bottom":"","section_padding_left":"","hidden_section":false}},"1502246783279":{"type":"gl_revolution_slider","settings":{"tea_revolution_sc":"[shopify-slider-2612]","section_margin_top":"5px","section_margin_bottom":"60px","section_padding_top":"","section_padding_right":"","section_padding_bottom":"","section_padding_left":"","hidden_section":false}},"gl_newsletter":{"type":"gl_newsletter","settings":{"use_mailchimp":true,"row_stretch":"default","full_height":false,"columns_position":"middle","equal_height":false,"content_position":"default","use_video":true,"video_url":"https:\/\/www.youtube.com\/watch?v=4GNBkO7IhZA","section_bg_image":"","bg_img_center":true,"bg_size_cover":true,"section_bg_color":"#3bc6bf","section_border_color":"","section_border_style":"solid","section_border":"","section_margin_top":"","section_margin_bottom":"","section_padding_top":"","section_padding_right":"","section_padding_bottom":"","section_padding_left":"","use_parallax":false,"use_gradient":false,"gradient":"left","color_gradient_one":"","color_opacity_one":"1","color_percent_one":"1","color_gradient_two":"","color_opacity_two":"1","color_percent_two":"33","use_color_gradient_three":false,"color_gradient_three":"","color_opacity_three":"1","color_percent_three":"66","use_color_gradient_four":false,"color_gradient_four":"","color_opacity_four":"1","color_percent_four":"100"}}},"content_for_index":["1502246783279","1502246960899","1502246997633","1502247057504","1502247461007","1502247507816","1502247545192","1502247626198","1502247819093","1502247896259","1502248252942","1502248880578"]},"presets":{"Default":{"color_text":"#3d4246","color_body_text":"#788188","color_sale_text":"#7796A8","color_borders":"#e8e9eb","color_button":"#7796A8","color_button_text":"#fff","color_small_button":"#fff","color_small_button_text":"#3d4246","color_text_field":"#fff","color_text_field_text":"#000","color_image_overlay_text":"#fff","color_image_overlay":"#3d4246","image_overlay_opacity":"0.25","color_body_bg":"#fff","type_header_family":"Google_Work+Sans_600_sans","type_header_base_size":"26px","type_base_family":"Google_Work+Sans_400_sans","type_base_size":"16px","type_bold_product_titles":false,"share_facebook":true,"share_twitter":true,"share_pinterest":true,"content_for_index":[]}}}